well,concentration,compound 
F21,10,Targetmol_(S)-crizotinib
F21,100,Targetmol_(S)-crizotinib
F21,1000,Targetmol_(S)-crizotinib
F21,10000,Targetmol_(S)-crizotinib
L08,10,Targetmol_10-Hydroxycamptothecin
L08,100,Targetmol_10-Hydroxycamptothecin
L08,1000,Targetmol_10-Hydroxycamptothecin
L08,10000,Targetmol_10-Hydroxycamptothecin
E16,10,Targetmol_2-Methoxyestradiol
E16,100,Targetmol_2-Methoxyestradiol
E16,1000,Targetmol_2-Methoxyestradiol
E16,10000,Targetmol_2-Methoxyestradiol
G24,10,Targetmol_3-Bromopyruvic acid
G24,100,Targetmol_3-Bromopyruvic acid
G24,1000,Targetmol_3-Bromopyruvic acid
G24,10000,Targetmol_3-Bromopyruvic acid
K19,10,Targetmol_5-Aminolevulinic acid hydrochloride
K19,100,Targetmol_5-Aminolevulinic acid hydrochloride
K19,1000,Targetmol_5-Aminolevulinic acid hydrochloride
K19,10000,Targetmol_5-Aminolevulinic acid hydrochloride
L04,10,Targetmol_5-Azacytidine
L04,100,Targetmol_5-Azacytidine
L04,1000,Targetmol_5-Azacytidine
L04,10000,Targetmol_5-Azacytidine
M13,10,Targetmol_6-Mercaptopurine monohydrate
M13,100,Targetmol_6-Mercaptopurine monohydrate
M13,1000,Targetmol_6-Mercaptopurine monohydrate
M13,10000,Targetmol_6-Mercaptopurine monohydrate
F07,10,Targetmol_8-Methoxypsoralen
F07,100,Targetmol_8-Methoxypsoralen
F07,1000,Targetmol_8-Methoxypsoralen
F07,10000,Targetmol_8-Methoxypsoralen
F10,10,Targetmol_Abemaciclib
F10,100,Targetmol_Abemaciclib
F10,1000,Targetmol_Abemaciclib
F10,10000,Targetmol_Abemaciclib
I15,10,Targetmol_Abiraterone
I15,100,Targetmol_Abiraterone
I15,1000,Targetmol_Abiraterone
I15,10000,Targetmol_Abiraterone
O11,10,Targetmol_ABT199
O11,100,Targetmol_ABT199
O11,1000,Targetmol_ABT199
O11,10000,Targetmol_ABT199
J21,10,Targetmol_Acalabrutinib
J21,100,Targetmol_Acalabrutinib
J21,1000,Targetmol_Acalabrutinib
J21,10000,Targetmol_Acalabrutinib
K11,10,Targetmol_Afatinib
K11,100,Targetmol_Afatinib
K11,1000,Targetmol_Afatinib
K11,10000,Targetmol_Afatinib
I05,10,Targetmol_Afatinib Dimaleate
I05,100,Targetmol_Afatinib Dimaleate
I05,1000,Targetmol_Afatinib Dimaleate
I05,10000,Targetmol_Afatinib Dimaleate
M18,10,Targetmol_AICAR (Acadesine)
M18,100,Targetmol_AICAR (Acadesine)
M18,1000,Targetmol_AICAR (Acadesine)
M18,10000,Targetmol_AICAR (Acadesine)
K16,10,Targetmol_Alectinib
K16,100,Targetmol_Alectinib
K16,1000,Targetmol_Alectinib
N20,10,Targetmol_Alpelisib
N20,100,Targetmol_Alpelisib
N20,1000,Targetmol_Alpelisib
N20,10000,Targetmol_Alpelisib
E10,10,Targetmol_Altretamine
E10,100,Targetmol_Altretamine
E10,1000,Targetmol_Altretamine
E10,10000,Targetmol_Altretamine
N04,10,Targetmol_Aminoglutethimide
N04,100,Targetmol_Aminoglutethimide
N04,1000,Targetmol_Aminoglutethimide
N04,10000,Targetmol_Aminoglutethimide
C11,10,Targetmol_Amsacrine
C11,100,Targetmol_Amsacrine
C11,1000,Targetmol_Amsacrine
C11,10000,Targetmol_Amsacrine
H09,10,Targetmol_Andrographolide
H09,100,Targetmol_Andrographolide
H09,1000,Targetmol_Andrographolide
H09,10000,Targetmol_Andrographolide
F06,10,Targetmol_Anethole trithione
F06,100,Targetmol_Anethole trithione
F06,1000,Targetmol_Anethole trithione
F06,10000,Targetmol_Anethole trithione
N23,10,Targetmol_Anlotinib
N23,100,Targetmol_Anlotinib
N23,1000,Targetmol_Anlotinib
N23,10000,Targetmol_Anlotinib
P20,10,Targetmol_Anlotinib Dihydrochloride
P20,100,Targetmol_Anlotinib Dihydrochloride
P20,1000,Targetmol_Anlotinib Dihydrochloride
P20,10000,Targetmol_Anlotinib Dihydrochloride
A15,10,Targetmol_Apalutamide
A15,100,Targetmol_Apalutamide
A15,1000,Targetmol_Apalutamide
A15,10000,Targetmol_Apalutamide
J05,10,Targetmol_Apatinib
J05,100,Targetmol_Apatinib
J05,1000,Targetmol_Apatinib
J05,10000,Targetmol_Apatinib
M11,10,Targetmol_Apigenin
M11,100,Targetmol_Apigenin
M11,1000,Targetmol_Apigenin
M11,10000,Targetmol_Apigenin
K23,10,Targetmol_Apramycin sulfate
K23,100,Targetmol_Apramycin sulfate
K23,1000,Targetmol_Apramycin sulfate
K23,10000,Targetmol_Apramycin sulfate
A21,10,Targetmol_Arctigenin
A21,100,Targetmol_Arctigenin
A21,1000,Targetmol_Arctigenin
A21,10000,Targetmol_Arctigenin
C20,10,Targetmol_Artesunate
C20,100,Targetmol_Artesunate
C20,1000,Targetmol_Artesunate
C20,10000,Targetmol_Artesunate
C13,10,Targetmol_Axitinib
C13,100,Targetmol_Axitinib
C13,1000,Targetmol_Axitinib
C13,10000,Targetmol_Axitinib
D18,10,Targetmol_Baricitinib
D18,100,Targetmol_Baricitinib
D18,1000,Targetmol_Baricitinib
D18,10000,Targetmol_Baricitinib
M12,10,Targetmol_Batyl alcohol
M12,100,Targetmol_Batyl alcohol
M12,1000,Targetmol_Batyl alcohol
M12,10000,Targetmol_Batyl alcohol
K18,10,Targetmol_Belinostat
K18,100,Targetmol_Belinostat
K18,1000,Targetmol_Belinostat
K18,10000,Targetmol_Belinostat
I08,10,Targetmol_Bendamustine hydrochloride
I08,100,Targetmol_Bendamustine hydrochloride
I08,1000,Targetmol_Bendamustine hydrochloride
I08,10000,Targetmol_Bendamustine hydrochloride
P19,10,Targetmol_Berbamine
P19,100,Targetmol_Berbamine
P19,1000,Targetmol_Berbamine
P19,10000,Targetmol_Berbamine
M22,10,Targetmol_Berbamine dihydrochloride
M22,100,Targetmol_Berbamine dihydrochloride
M22,1000,Targetmol_Berbamine dihydrochloride
M22,10000,Targetmol_Berbamine dihydrochloride
G16,10,Targetmol_Berberine
G16,100,Targetmol_Berberine
G16,1000,Targetmol_Berberine
G16,10000,Targetmol_Berberine
P05,10,Targetmol_Bestatin hydrochloride
P05,100,Targetmol_Bestatin hydrochloride
P05,1000,Targetmol_Bestatin hydrochloride
P05,10000,Targetmol_Bestatin hydrochloride
K09,10,Targetmol_Beta-Carotene
K09,100,Targetmol_Beta-Carotene
K09,1000,Targetmol_Beta-Carotene
K09,10000,Targetmol_Beta-Carotene
P14,10,Targetmol_Bexarotene
P14,100,Targetmol_Bexarotene
P14,1000,Targetmol_Bexarotene
P14,10000,Targetmol_Bexarotene
E17,10,Targetmol_Bicalutamide
E17,100,Targetmol_Bicalutamide
E17,1000,Targetmol_Bicalutamide
E17,10000,Targetmol_Bicalutamide
O14,10,Targetmol_Binimetinib
O14,100,Targetmol_Binimetinib
O14,1000,Targetmol_Binimetinib
O14,10000,Targetmol_Binimetinib
G04,10,Targetmol_Bortezomib
G04,100,Targetmol_Bortezomib
G04,1000,Targetmol_Bortezomib
G04,10000,Targetmol_Bortezomib
J04,10,Targetmol_Bosutinib
J04,100,Targetmol_Bosutinib
J04,1000,Targetmol_Bosutinib
J04,10000,Targetmol_Bosutinib
H15,10,Targetmol_Brigatinib
H15,100,Targetmol_Brigatinib
H15,1000,Targetmol_Brigatinib
H15,10000,Targetmol_Brigatinib
N10,10,Targetmol_Brivudine
N10,100,Targetmol_Brivudine
N10,1000,Targetmol_Brivudine
N10,10000,Targetmol_Brivudine
K10,10,Targetmol_Busulfan
K10,100,Targetmol_Busulfan
K10,1000,Targetmol_Busulfan
K10,10000,Targetmol_Busulfan
P12,10,Targetmol_Cabazitaxel
P12,100,Targetmol_Cabazitaxel
P12,1000,Targetmol_Cabazitaxel
P12,10000,Targetmol_Cabazitaxel
L14,10,Targetmol_Cabozantinib
L14,100,Targetmol_Cabozantinib
L14,1000,Targetmol_Cabozantinib
L14,10000,Targetmol_Cabozantinib
C24,10,Targetmol_Cabozantinib hydrochloride (849217-68-1(free base))
C24,100,Targetmol_Cabozantinib hydrochloride (849217-68-1(free base))
C24,1000,Targetmol_Cabozantinib hydrochloride (849217-68-1(free base))
C24,10000,Targetmol_Cabozantinib hydrochloride (849217-68-1(free base))
C15,10,Targetmol_Cabozantinib Malate
C15,100,Targetmol_Cabozantinib Malate
C15,1000,Targetmol_Cabozantinib Malate
C15,10000,Targetmol_Cabozantinib Malate
O23,10,Targetmol_Calcitriol
O23,100,Targetmol_Calcitriol
O23,1000,Targetmol_Calcitriol
O23,10000,Targetmol_Calcitriol
P18,10,Targetmol_Calcium Levofolinate
P18,100,Targetmol_Calcium Levofolinate
P18,1000,Targetmol_Calcium Levofolinate
P18,10000,Targetmol_Calcium Levofolinate
J23,10,Targetmol_Camostat mesilate
J23,100,Targetmol_Camostat mesilate
J23,1000,Targetmol_Camostat mesilate
J23,10000,Targetmol_Camostat mesilate
H12,10,Targetmol_Capecitabine
H12,100,Targetmol_Capecitabine
H12,1000,Targetmol_Capecitabine
H12,10000,Targetmol_Capecitabine
I18,10,Targetmol_Carbendazim
I18,100,Targetmol_Carbendazim
I18,1000,Targetmol_Carbendazim
I18,10000,Targetmol_Carbendazim
D07,10,Targetmol_Carboplatin
D07,100,Targetmol_Carboplatin
D07,1000,Targetmol_Carboplatin
D07,10000,Targetmol_Carboplatin
B04,10,Targetmol_Carfilzomib
B04,100,Targetmol_Carfilzomib
B04,1000,Targetmol_Carfilzomib
B04,10000,Targetmol_Carfilzomib
O05,10,Targetmol_Carmofur
O05,100,Targetmol_Carmofur
O05,1000,Targetmol_Carmofur
O05,10000,Targetmol_Carmofur
P13,10,Targetmol_Carmustine
P13,100,Targetmol_Carmustine
P13,1000,Targetmol_Carmustine
P13,10000,Targetmol_Carmustine
D08,10,Targetmol_Catharanthine
D08,100,Targetmol_Catharanthine
D08,1000,Targetmol_Catharanthine
D08,10000,Targetmol_Catharanthine
J18,10,Targetmol_Cediranib
J18,100,Targetmol_Cediranib
J18,1000,Targetmol_Cediranib
J18,10000,Targetmol_Cediranib
K20,10,Targetmol_Celecoxib
K20,100,Targetmol_Celecoxib
K20,1000,Targetmol_Celecoxib
K20,10000,Targetmol_Celecoxib
D16,10,Targetmol_Cephalomannine
D16,100,Targetmol_Cephalomannine
D16,1000,Targetmol_Cephalomannine
D16,10000,Targetmol_Cephalomannine
F23,10,Targetmol_Cephalotaxine
F23,100,Targetmol_Cephalotaxine
F23,1000,Targetmol_Cephalotaxine
F23,10000,Targetmol_Cephalotaxine
F11,10,Targetmol_Cepharanthine
F11,100,Targetmol_Cepharanthine
F11,1000,Targetmol_Cepharanthine
F11,10000,Targetmol_Cepharanthine
N15,10,Targetmol_Chidamide
N15,100,Targetmol_Chidamide
N15,1000,Targetmol_Chidamide
N15,10000,Targetmol_Chidamide
O08,10,Targetmol_Chloroambucil
O08,100,Targetmol_Chloroambucil
O08,1000,Targetmol_Chloroambucil
O08,10000,Targetmol_Chloroambucil
K22,10,Targetmol_Chloropyramine hydrochloride
K22,100,Targetmol_Chloropyramine hydrochloride
K22,1000,Targetmol_Chloropyramine hydrochloride
K22,10000,Targetmol_Chloropyramine hydrochloride
M10,10,Targetmol_Chlorotrianisene
M10,100,Targetmol_Chlorotrianisene
M10,1000,Targetmol_Chlorotrianisene
M10,10000,Targetmol_Chlorotrianisene
P04,10,Targetmol_Chlorpromazine hydrochloride
P04,100,Targetmol_Chlorpromazine hydrochloride
P04,1000,Targetmol_Chlorpromazine hydrochloride
P04,10000,Targetmol_Chlorpromazine hydrochloride
L20,10,Targetmol_Ciclopirox ethanolamine
L20,100,Targetmol_Ciclopirox ethanolamine
L20,1000,Targetmol_Ciclopirox ethanolamine
L20,10000,Targetmol_Ciclopirox ethanolamine
N07,10,Targetmol_Cisplatin
N07,100,Targetmol_Cisplatin
N07,1000,Targetmol_Cisplatin
N07,10000,Targetmol_Cisplatin
E07,10,Targetmol_Clioquinol
E07,100,Targetmol_Clioquinol
E07,1000,Targetmol_Clioquinol
E07,10000,Targetmol_Clioquinol
B07,10,Targetmol_Clofarabine
B07,100,Targetmol_Clofarabine
B07,1000,Targetmol_Clofarabine
B07,10000,Targetmol_Clofarabine
O16,10,Targetmol_Cobimetinib
O16,100,Targetmol_Cobimetinib
O16,1000,Targetmol_Cobimetinib
O16,10000,Targetmol_Cobimetinib
E23,10,Targetmol_Coenzyme Q10
E23,100,Targetmol_Coenzyme Q10
E23,1000,Targetmol_Coenzyme Q10
E23,10000,Targetmol_Coenzyme Q10
P15,10,Targetmol_Copanlisib
P15,100,Targetmol_Copanlisib
P15,1000,Targetmol_Copanlisib
P15,10000,Targetmol_Copanlisib
J13,10,Targetmol_Crenolanib
J13,100,Targetmol_Crenolanib
J13,1000,Targetmol_Crenolanib
J13,10000,Targetmol_Crenolanib
C10,10,Targetmol_Crizotinib
C10,100,Targetmol_Crizotinib
C10,1000,Targetmol_Crizotinib
C10,10000,Targetmol_Crizotinib
L11,10,Targetmol_Cyclocytidine hydrochloride
L11,100,Targetmol_Cyclocytidine hydrochloride
L11,1000,Targetmol_Cyclocytidine hydrochloride
L11,10000,Targetmol_Cyclocytidine hydrochloride
N11,10,Targetmol_Cyclophosphamide monohydrate
N11,100,Targetmol_Cyclophosphamide monohydrate
N11,1000,Targetmol_Cyclophosphamide monohydrate
N11,10000,Targetmol_Cyclophosphamide monohydrate
D22,10,Targetmol_Cyproterone acetate
D22,100,Targetmol_Cyproterone acetate
D22,1000,Targetmol_Cyproterone acetate
D22,10000,Targetmol_Cyproterone acetate
I12,10,Targetmol_Cytarabine
I12,100,Targetmol_Cytarabine
I12,1000,Targetmol_Cytarabine
I12,10000,Targetmol_Cytarabine
G18,10,Targetmol_Dabrafenib
G18,100,Targetmol_Dabrafenib
G18,1000,Targetmol_Dabrafenib
G18,10000,Targetmol_Dabrafenib
I16,10,Targetmol_Dacarbazine
I16,100,Targetmol_Dacarbazine
I16,1000,Targetmol_Dacarbazine
I16,10000,Targetmol_Dacarbazine
P10,10,Targetmol_Dacomitinib
P10,100,Targetmol_Dacomitinib
P10,1000,Targetmol_Dacomitinib
P10,10000,Targetmol_Dacomitinib
G20,10,Targetmol_Darolutamide
G20,100,Targetmol_Darolutamide
G20,1000,Targetmol_Darolutamide
G20,10000,Targetmol_Darolutamide
F04,10,Targetmol_Dasatinib
F04,100,Targetmol_Dasatinib
F04,1000,Targetmol_Dasatinib
F04,10000,Targetmol_Dasatinib
L07,10,Targetmol_Dasatinib monohydrate
L07,100,Targetmol_Dasatinib monohydrate
L07,1000,Targetmol_Dasatinib monohydrate
L07,10000,Targetmol_Dasatinib monohydrate
I17,10,Targetmol_Daunorubicin hydrochloride
I17,100,Targetmol_Daunorubicin hydrochloride
I17,1000,Targetmol_Daunorubicin hydrochloride
I17,10000,Targetmol_Daunorubicin hydrochloride
J17,10,Targetmol_Decitabine
J17,100,Targetmol_Decitabine
J17,1000,Targetmol_Decitabine
J17,10000,Targetmol_Decitabine
P23,10,Targetmol_Desmopressin
P23,100,Targetmol_Desmopressin
P23,1000,Targetmol_Desmopressin
P23,10000,Targetmol_Desmopressin
L23,10,Targetmol_Dexamethason acetate
L23,100,Targetmol_Dexamethason acetate
L23,1000,Targetmol_Dexamethason acetate
L23,10000,Targetmol_Dexamethason acetate
D19,10,Targetmol_Dexamethasone
D19,100,Targetmol_Dexamethasone
D19,1000,Targetmol_Dexamethasone
D19,10000,Targetmol_Dexamethasone
M21,10,Targetmol_Dexmedetomidine
M21,100,Targetmol_Dexmedetomidine
M21,1000,Targetmol_Dexmedetomidine
M21,10000,Targetmol_Dexmedetomidine
H21,10,Targetmol_Dexmedetomidine HCl
H21,100,Targetmol_Dexmedetomidine HCl
H21,1000,Targetmol_Dexmedetomidine HCl
H21,10000,Targetmol_Dexmedetomidine HCl
J06,10,Targetmol_Dinaciclib
J06,100,Targetmol_Dinaciclib
J06,1000,Targetmol_Dinaciclib
J06,10000,Targetmol_Dinaciclib
O10,10,Targetmol_Disulfiram
O10,100,Targetmol_Disulfiram
O10,1000,Targetmol_Disulfiram
O10,10000,Targetmol_Disulfiram
C12,10,Targetmol_DL-Menthol
C12,100,Targetmol_DL-Menthol
C12,1000,Targetmol_DL-Menthol
C12,10000,Targetmol_DL-Menthol
A01,1,Targetmol_DMSO
A02,1,Targetmol_DMSO
B01,1,Targetmol_DMSO
B02,1,Targetmol_DMSO
C01,1,Targetmol_DMSO
C02,1,Targetmol_DMSO
D01,1,Targetmol_DMSO
D02,1,Targetmol_DMSO
E01,1,Targetmol_DMSO
E02,1,Targetmol_DMSO
F01,1,Targetmol_DMSO
F02,1,Targetmol_DMSO
G01,1,Targetmol_DMSO
G02,1,Targetmol_DMSO
H01,1,Targetmol_DMSO
H02,1,Targetmol_DMSO
I01,1,Targetmol_DMSO
I02,1,Targetmol_DMSO
J01,1,Targetmol_DMSO
J02,1,Targetmol_DMSO
K01,1,Targetmol_DMSO
K02,1,Targetmol_DMSO
L01,1,Targetmol_DMSO
L02,1,Targetmol_DMSO
M01,1,Targetmol_DMSO
M02,1,Targetmol_DMSO
N01,1,Targetmol_DMSO
N02,1,Targetmol_DMSO
O01,1,Targetmol_DMSO
O02,1,Targetmol_DMSO
P01,1,Targetmol_DMSO
P02,1,Targetmol_DMSO
A11,10,Targetmol_Docetaxel
A11,100,Targetmol_Docetaxel
A11,1000,Targetmol_Docetaxel
A11,10000,Targetmol_Docetaxel
K21,10,Targetmol_Docetaxel trihydrate
K21,100,Targetmol_Docetaxel trihydrate
K21,1000,Targetmol_Docetaxel trihydrate
K21,10000,Targetmol_Docetaxel trihydrate
N13,10,Targetmol_Doxifluridine
N13,100,Targetmol_Doxifluridine
N13,1000,Targetmol_Doxifluridine
N13,10000,Targetmol_Doxifluridine
K06,10,Targetmol_Doxorubicin hydrochloride
K06,100,Targetmol_Doxorubicin hydrochloride
K06,1000,Targetmol_Doxorubicin hydrochloride
K06,10000,Targetmol_Doxorubicin hydrochloride
B13,10,Targetmol_d-penicillamin
B13,100,Targetmol_d-penicillamin
B13,1000,Targetmol_d-penicillamin
B13,10000,Targetmol_d-penicillamin
A19,10,Targetmol_Duvelisib
A19,100,Targetmol_Duvelisib
A19,1000,Targetmol_Duvelisib
A19,10000,Targetmol_Duvelisib
P21,10,Targetmol_Eltrombopag Olamine
P21,100,Targetmol_Eltrombopag Olamine
P21,1000,Targetmol_Eltrombopag Olamine
P21,10000,Targetmol_Eltrombopag Olamine
N17,10,Targetmol_Embelin
N17,100,Targetmol_Embelin
N17,1000,Targetmol_Embelin
N17,10000,Targetmol_Embelin
A04,10,Targetmol_Enasidenib
A04,100,Targetmol_Enasidenib
A04,1000,Targetmol_Enasidenib
A04,10000,Targetmol_Enasidenib
I22,10,Targetmol_Encorafenib
I22,100,Targetmol_Encorafenib
I22,1000,Targetmol_Encorafenib
I22,10000,Targetmol_Encorafenib
K17,10,Targetmol_Entinostat
K17,100,Targetmol_Entinostat
K17,1000,Targetmol_Entinostat
K17,10000,Targetmol_Entinostat
I20,10,Targetmol_Entospletinib
I20,100,Targetmol_Entospletinib
I20,1000,Targetmol_Entospletinib
I20,10000,Targetmol_Entospletinib
O19,10,Targetmol_Entrectinib
O19,100,Targetmol_Entrectinib
O19,1000,Targetmol_Entrectinib
O19,10000,Targetmol_Entrectinib
B21,10,Targetmol_Enzalutamide
B21,100,Targetmol_Enzalutamide
B21,1000,Targetmol_Enzalutamide
B21,10000,Targetmol_Enzalutamide
P07,10,Targetmol_Enzastaurin
P07,100,Targetmol_Enzastaurin
P07,1000,Targetmol_Enzastaurin
P07,10000,Targetmol_Enzastaurin
B09,10,Targetmol_Epirubicin hydrochloride
B09,100,Targetmol_Epirubicin hydrochloride
B09,1000,Targetmol_Epirubicin hydrochloride
B09,10000,Targetmol_Epirubicin hydrochloride
N12,10,Targetmol_EPZ6438
N12,100,Targetmol_EPZ6438
N12,1000,Targetmol_EPZ6438
N12,10000,Targetmol_EPZ6438
O20,10,Targetmol_Erdafitinib
O20,100,Targetmol_Erdafitinib
O20,1000,Targetmol_Erdafitinib
O20,10000,Targetmol_Erdafitinib
I07,10,Targetmol_Erlotinib
I07,100,Targetmol_Erlotinib
I07,1000,Targetmol_Erlotinib
I07,10000,Targetmol_Erlotinib
J22,10,Targetmol_Estramustine phosphate sodium
J22,100,Targetmol_Estramustine phosphate sodium
J22,1000,Targetmol_Estramustine phosphate sodium
J22,10000,Targetmol_Estramustine phosphate sodium
A05,10,Targetmol_Etidronate
A05,100,Targetmol_Etidronate
A05,1000,Targetmol_Etidronate
A05,10000,Targetmol_Etidronate
M14,10,Targetmol_Etoposide
M14,100,Targetmol_Etoposide
M14,1000,Targetmol_Etoposide
M14,10000,Targetmol_Etoposide
K12,10,Targetmol_Etoricoxib
K12,100,Targetmol_Etoricoxib
K12,1000,Targetmol_Etoricoxib
K12,10000,Targetmol_Etoricoxib
J16,10,Targetmol_Everolimus
J16,100,Targetmol_Everolimus
J16,1000,Targetmol_Everolimus
J16,10000,Targetmol_Everolimus
D10,10,Targetmol_Exemestane
D10,100,Targetmol_Exemestane
D10,1000,Targetmol_Exemestane
D10,10000,Targetmol_Exemestane
E22,10,Targetmol_Fedratinib
E22,100,Targetmol_Fedratinib
E22,1000,Targetmol_Fedratinib
E22,10000,Targetmol_Fedratinib
E05,10,Targetmol_Floxuridine
E05,100,Targetmol_Floxuridine
E05,1000,Targetmol_Floxuridine
E05,10000,Targetmol_Floxuridine
B15,10,Targetmol_Fludarabine
B15,100,Targetmol_Fludarabine
B15,1000,Targetmol_Fludarabine
B15,10000,Targetmol_Fludarabine
N16,10,Targetmol_Fludarabine Phosphate
N16,100,Targetmol_Fludarabine Phosphate
N16,1000,Targetmol_Fludarabine Phosphate
N16,10000,Targetmol_Fludarabine Phosphate
C05,10,Targetmol_Fluorocytosine
C05,100,Targetmol_Fluorocytosine
C05,1000,Targetmol_Fluorocytosine
C05,10000,Targetmol_Fluorocytosine
I13,10,Targetmol_Fluorouracil
I13,100,Targetmol_Fluorouracil
I13,1000,Targetmol_Fluorouracil
I13,10000,Targetmol_Fluorouracil
C21,10,Targetmol_Fluphenazine hydrochloride
C21,100,Targetmol_Fluphenazine hydrochloride
C21,1000,Targetmol_Fluphenazine hydrochloride
C21,10000,Targetmol_Fluphenazine hydrochloride
N22,10,Targetmol_Flupirtine maleate
N22,100,Targetmol_Flupirtine maleate
N22,1000,Targetmol_Flupirtine maleate
N22,10000,Targetmol_Flupirtine maleate
B08,10,Targetmol_Flutamide
B08,100,Targetmol_Flutamide
B08,1000,Targetmol_Flutamide
B08,10000,Targetmol_Flutamide
F13,10,Targetmol_Formestane
F13,100,Targetmol_Formestane
F13,1000,Targetmol_Formestane
F13,10000,Targetmol_Formestane
B22,10,Targetmol_Fosbretabulin Disodium
B22,100,Targetmol_Fosbretabulin Disodium
B22,1000,Targetmol_Fosbretabulin Disodium
B22,10000,Targetmol_Fosbretabulin Disodium
C16,10,Targetmol_Fruquintinib
C16,100,Targetmol_Fruquintinib
C16,1000,Targetmol_Fruquintinib
C16,10000,Targetmol_Fruquintinib
E04,10,Targetmol_Fulvestrant
E04,100,Targetmol_Fulvestrant
E04,1000,Targetmol_Fulvestrant
E04,10000,Targetmol_Fulvestrant
D23,10,Targetmol_Gabapentin
D23,100,Targetmol_Gabapentin
D23,1000,Targetmol_Gabapentin
D23,10000,Targetmol_Gabapentin
D06,10,Targetmol_Gefitinib
D06,100,Targetmol_Gefitinib
D06,1000,Targetmol_Gefitinib
D06,10000,Targetmol_Gefitinib
G22,10,Targetmol_Gemcitabine HCl
G22,100,Targetmol_Gemcitabine HCl
G22,1000,Targetmol_Gemcitabine HCl
G22,10000,Targetmol_Gemcitabine HCl
B12,10,Targetmol_Genistein
B12,100,Targetmol_Genistein
B12,1000,Targetmol_Genistein
B12,10000,Targetmol_Genistein
H23,10,Targetmol_Gilteritinib
H23,100,Targetmol_Gilteritinib
H23,1000,Targetmol_Gilteritinib
H23,10000,Targetmol_Gilteritinib
K08,10,Targetmol_Gimeracil
K08,100,Targetmol_Gimeracil
K08,1000,Targetmol_Gimeracil
K08,10000,Targetmol_Gimeracil
J08,10,Targetmol_Glycyrrhizin
J08,100,Targetmol_Glycyrrhizin
J08,1000,Targetmol_Glycyrrhizin
J08,10000,Targetmol_Glycyrrhizin
P08,10,Targetmol_Goserelin acetate
P08,100,Targetmol_Goserelin acetate
P08,1000,Targetmol_Goserelin acetate
P08,10000,Targetmol_Goserelin acetate
C08,10,Targetmol_Granisetron hydrochloride
C08,100,Targetmol_Granisetron hydrochloride
C08,1000,Targetmol_Granisetron hydrochloride
C08,10000,Targetmol_Granisetron hydrochloride
L10,10,Targetmol_Hesperetin
L10,100,Targetmol_Hesperetin
L10,1000,Targetmol_Hesperetin
L10,10000,Targetmol_Hesperetin
H19,10,Targetmol_Histamine 2HCl
H19,100,Targetmol_Histamine 2HCl
H19,1000,Targetmol_Histamine 2HCl
H19,10000,Targetmol_Histamine 2HCl
P16,10,Targetmol_Homoharringtonine
P16,100,Targetmol_Homoharringtonine
P16,1000,Targetmol_Homoharringtonine
P16,10000,Targetmol_Homoharringtonine
I04,10,Targetmol_Hydralazine hydrochloride
I04,100,Targetmol_Hydralazine hydrochloride
I04,1000,Targetmol_Hydralazine hydrochloride
I04,10000,Targetmol_Hydralazine hydrochloride
B06,10,Targetmol_Hydrocortisone butyrate
B06,100,Targetmol_Hydrocortisone butyrate
B06,1000,Targetmol_Hydrocortisone butyrate
B06,10000,Targetmol_Hydrocortisone butyrate
O15,10,Targetmol_Hydroxy Camptothecine
O15,100,Targetmol_Hydroxy Camptothecine
O15,1000,Targetmol_Hydroxy Camptothecine
O15,10000,Targetmol_Hydroxy Camptothecine
E06,10,Targetmol_Hydroxyurea
E06,100,Targetmol_Hydroxyurea
E06,1000,Targetmol_Hydroxyurea
E06,10000,Targetmol_Hydroxyurea
L06,10,Targetmol_Ibandronate sodium
L06,100,Targetmol_Ibandronate sodium
L06,1000,Targetmol_Ibandronate sodium
L06,10000,Targetmol_Ibandronate sodium
B16,10,Targetmol_Ibrutinib
B16,100,Targetmol_Ibrutinib
B16,1000,Targetmol_Ibrutinib
B16,10000,Targetmol_Ibrutinib
G17,10,Targetmol_Icotinib
G17,100,Targetmol_Icotinib
G17,1000,Targetmol_Icotinib
G17,10000,Targetmol_Icotinib
G15,10,Targetmol_Idelalisib
G15,100,Targetmol_Idelalisib
G15,1000,Targetmol_Idelalisib
G15,10000,Targetmol_Idelalisib
D05,10,Targetmol_Ifosfamide
D05,100,Targetmol_Ifosfamide
D05,1000,Targetmol_Ifosfamide
D05,10000,Targetmol_Ifosfamide
H13,10,Targetmol_Imatinib
H13,100,Targetmol_Imatinib
H13,1000,Targetmol_Imatinib
H13,10000,Targetmol_Imatinib
A10,10,Targetmol_Imatinib Mesylate
A10,100,Targetmol_Imatinib Mesylate
A10,1000,Targetmol_Imatinib Mesylate
A10,10000,Targetmol_Imatinib Mesylate
E14,10,Targetmol_Imiquimod
E14,100,Targetmol_Imiquimod
E14,1000,Targetmol_Imiquimod
E14,10000,Targetmol_Imiquimod
H18,10,Targetmol_Irinotecan
H18,100,Targetmol_Irinotecan
H18,1000,Targetmol_Irinotecan
H18,10000,Targetmol_Irinotecan
J07,10,Targetmol_Irinotecan hydrochloride trihydrate
J07,100,Targetmol_Irinotecan hydrochloride trihydrate
J07,1000,Targetmol_Irinotecan hydrochloride trihydrate
J07,10000,Targetmol_Irinotecan hydrochloride trihydrate
B10,10,Targetmol_Isoliquiritigenin
B10,100,Targetmol_Isoliquiritigenin
B10,1000,Targetmol_Isoliquiritigenin
B10,10000,Targetmol_Isoliquiritigenin
G12,10,Targetmol_Isotretinoin
G12,100,Targetmol_Isotretinoin
G12,1000,Targetmol_Isotretinoin
G12,10000,Targetmol_Isotretinoin
C23,10,Targetmol_Itraconazole
C23,100,Targetmol_Itraconazole
C23,1000,Targetmol_Itraconazole
C23,10000,Targetmol_Itraconazole
F15,10,Targetmol_Ivosidenib
F15,100,Targetmol_Ivosidenib
F15,1000,Targetmol_Ivosidenib
F15,10000,Targetmol_Ivosidenib
B23,10,Targetmol_Ixabepilone
B23,100,Targetmol_Ixabepilone
B23,1000,Targetmol_Ixabepilone
B23,10000,Targetmol_Ixabepilone
G13,10,Targetmol_Ixazomib
G13,100,Targetmol_Ixazomib
G13,1000,Targetmol_Ixazomib
G13,10000,Targetmol_Ixazomib
G23,10,Targetmol_Jaceosidin
G23,100,Targetmol_Jaceosidin
G23,1000,Targetmol_Jaceosidin
G23,10000,Targetmol_Jaceosidin
J14,10,Targetmol_Lapatinib
J14,100,Targetmol_Lapatinib
J14,1000,Targetmol_Lapatinib
J14,10000,Targetmol_Lapatinib
C17,10,Targetmol_Lapatinib Ditosylate
C17,100,Targetmol_Lapatinib Ditosylate
C17,1000,Targetmol_Lapatinib Ditosylate
C17,10000,Targetmol_Lapatinib Ditosylate
I24,10,Targetmol_Larotrectinib
I24,100,Targetmol_Larotrectinib
I24,1000,Targetmol_Larotrectinib
I24,10000,Targetmol_Larotrectinib
H22,10,Targetmol_Larotrectinib sulfate
H22,100,Targetmol_Larotrectinib sulfate
H22,1000,Targetmol_Larotrectinib sulfate
H22,10000,Targetmol_Larotrectinib sulfate
L22,10,Targetmol_L-Cycloserine
L22,100,Targetmol_L-Cycloserine
L22,1000,Targetmol_L-Cycloserine
L22,10000,Targetmol_L-Cycloserine
B17,10,Targetmol_LDK378
B17,100,Targetmol_LDK378
B17,1000,Targetmol_LDK378
B17,10000,Targetmol_LDK378
M06,10,Targetmol_Ledipasvir
M06,100,Targetmol_Ledipasvir
M06,1000,Targetmol_Ledipasvir
M06,10000,Targetmol_Ledipasvir
I10,10,Targetmol_Lenalidomide
I10,100,Targetmol_Lenalidomide
I10,1000,Targetmol_Lenalidomide
I10,10000,Targetmol_Lenalidomide
D04,10,Targetmol_Lenvatinib
D04,100,Targetmol_Lenvatinib
D04,1000,Targetmol_Lenvatinib
D04,10000,Targetmol_Lenvatinib
M09,10,Targetmol_Letrozole
M09,100,Targetmol_Letrozole
M09,1000,Targetmol_Letrozole
M09,10000,Targetmol_Letrozole
M07,10,Targetmol_Limonin
M07,100,Targetmol_Limonin
M07,1000,Targetmol_Limonin
M07,10000,Targetmol_Limonin
J20,10,Targetmol_Lomustine
J20,100,Targetmol_Lomustine
J20,1000,Targetmol_Lomustine
J20,10000,Targetmol_Lomustine
I11,10,Targetmol_Lonafarnib
I11,100,Targetmol_Lonafarnib
I11,1000,Targetmol_Lonafarnib
I11,10000,Targetmol_Lonafarnib
L21,10,Targetmol_Lonidamine
L21,100,Targetmol_Lonidamine
L21,1000,Targetmol_Lonidamine
L21,10000,Targetmol_Lonidamine
N21,10,Targetmol_Lorlatinib
N21,100,Targetmol_Lorlatinib
N21,1000,Targetmol_Lorlatinib
N21,10000,Targetmol_Lorlatinib
A16,10,Targetmol_LY2835219
A16,100,Targetmol_LY2835219
A16,1000,Targetmol_LY2835219
A16,10000,Targetmol_LY2835219
C19,10,Targetmol_Masitinib
C19,100,Targetmol_Masitinib
C19,1000,Targetmol_Masitinib
C19,10000,Targetmol_Masitinib
D21,10,Targetmol_Mebendazole
D21,100,Targetmol_Mebendazole
D21,1000,Targetmol_Mebendazole
D21,10000,Targetmol_Mebendazole
L09,10,Targetmol_Mechlorethamine hydrochloride
L09,100,Targetmol_Mechlorethamine hydrochloride
L09,1000,Targetmol_Mechlorethamine hydrochloride
L09,10000,Targetmol_Mechlorethamine hydrochloride
M17,10,Targetmol_Megestrol acetate
M17,100,Targetmol_Megestrol acetate
M17,1000,Targetmol_Megestrol acetate
M17,10000,Targetmol_Megestrol acetate
G09,10,Targetmol_Melatonine
G09,100,Targetmol_Melatonine
G09,1000,Targetmol_Melatonine
G09,10000,Targetmol_Melatonine
A18,10,Targetmol_Menatetrenone
A18,100,Targetmol_Menatetrenone
A18,1000,Targetmol_Menatetrenone
A18,10000,Targetmol_Menatetrenone
O06,10,Targetmol_Mercaptopurine
O06,100,Targetmol_Mercaptopurine
O06,1000,Targetmol_Mercaptopurine
O06,10000,Targetmol_Mercaptopurine
J15,10,Targetmol_Methotrexate
J15,100,Targetmol_Methotrexate
J15,1000,Targetmol_Methotrexate
J15,10000,Targetmol_Methotrexate
C22,10,Targetmol_Meticrane
C22,100,Targetmol_Meticrane
C22,1000,Targetmol_Meticrane
C22,10000,Targetmol_Meticrane
D20,10,Targetmol_Mifepristone
D20,100,Targetmol_Mifepristone
D20,1000,Targetmol_Mifepristone
D20,10000,Targetmol_Mifepristone
H16,10,Targetmol_Miriplatin
H16,100,Targetmol_Miriplatin
H16,1000,Targetmol_Miriplatin
H16,10000,Targetmol_Miriplatin
F09,10,Targetmol_Mitotan
F09,100,Targetmol_Mitotan
F09,1000,Targetmol_Mitotan
F09,10000,Targetmol_Mitotan
A23,10,Targetmol_Mitoxantrone
A23,100,Targetmol_Mitoxantrone
A23,1000,Targetmol_Mitoxantrone
A23,10000,Targetmol_Mitoxantrone
O12,10,Targetmol_MLN9708
O12,100,Targetmol_MLN9708
O12,1000,Targetmol_MLN9708
O12,10000,Targetmol_MLN9708
J09,10,Targetmol_Mocetinostat
J09,100,Targetmol_Mocetinostat
J09,1000,Targetmol_Mocetinostat
J09,10000,Targetmol_Mocetinostat
K05,10,Targetmol_Naringin
K05,100,Targetmol_Naringin
K05,1000,Targetmol_Naringin
K05,10000,Targetmol_Naringin
M08,10,Targetmol_Nedaplatin
M08,100,Targetmol_Nedaplatin
M08,1000,Targetmol_Nedaplatin
M08,10000,Targetmol_Nedaplatin
D24,10,Targetmol_Nelarabine
D24,100,Targetmol_Nelarabine
D24,1000,Targetmol_Nelarabine
D24,10000,Targetmol_Nelarabine
I14,10,Targetmol_Neratinib
I14,100,Targetmol_Neratinib
I14,1000,Targetmol_Neratinib
I14,10000,Targetmol_Neratinib
B24,10,Targetmol_Neticonazole Hydrochloride
B24,100,Targetmol_Neticonazole Hydrochloride
B24,1000,Targetmol_Neticonazole Hydrochloride
B24,10000,Targetmol_Neticonazole Hydrochloride
E19,10,Targetmol_Nicotinamide
E19,100,Targetmol_Nicotinamide
E19,1000,Targetmol_Nicotinamide
E19,10000,Targetmol_Nicotinamide
O04,10,Targetmol_Nifedipine
O04,100,Targetmol_Nifedipine
O04,1000,Targetmol_Nifedipine
O04,10000,Targetmol_Nifedipine
J10,10,Targetmol_Nilotinib
J10,100,Targetmol_Nilotinib
J10,1000,Targetmol_Nilotinib
J10,10000,Targetmol_Nilotinib
I19,10,Targetmol_Nilutamide
I19,100,Targetmol_Nilutamide
I19,1000,Targetmol_Nilutamide
I19,10000,Targetmol_Nilutamide
L17,10,Targetmol_Nimorazole
L17,100,Targetmol_Nimorazole
L17,1000,Targetmol_Nimorazole
L17,10000,Targetmol_Nimorazole
B19,10,Targetmol_Nimustine Hydrochloride
B19,100,Targetmol_Nimustine Hydrochloride
B19,1000,Targetmol_Nimustine Hydrochloride
B19,10000,Targetmol_Nimustine Hydrochloride
D14,10,Targetmol_Nintedanib
D14,100,Targetmol_Nintedanib
D14,1000,Targetmol_Nintedanib
D14,10000,Targetmol_Nintedanib
A24,10,Targetmol_Nintedanib Ethanesulfonate Salt
A24,100,Targetmol_Nintedanib Ethanesulfonate Salt
A24,1000,Targetmol_Nintedanib Ethanesulfonate Salt
A24,10000,Targetmol_Nintedanib Ethanesulfonate Salt
O17,10,Targetmol_Niraparib
O17,100,Targetmol_Niraparib
O17,1000,Targetmol_Niraparib
O17,10000,Targetmol_Niraparib
C06,10,Targetmol_Noscapine hydrochloride
C06,100,Targetmol_Noscapine hydrochloride
C06,1000,Targetmol_Noscapine hydrochloride
C06,10000,Targetmol_Noscapine hydrochloride
H17,10,Targetmol_NVP-LDE225
H17,100,Targetmol_NVP-LDE225
H17,1000,Targetmol_NVP-LDE225
H17,10000,Targetmol_NVP-LDE225
E13,10,Targetmol_Olaparib
E13,100,Targetmol_Olaparib
E13,1000,Targetmol_Olaparib
E13,10000,Targetmol_Olaparib
O22,10,Targetmol_Olmutinib
O22,100,Targetmol_Olmutinib
O22,1000,Targetmol_Olmutinib
O22,10000,Targetmol_Olmutinib
H11,10,Targetmol_Osimertinib
H11,100,Targetmol_Osimertinib
H11,1000,Targetmol_Osimertinib
H11,10000,Targetmol_Osimertinib
P17,10,Targetmol_Osimertinib mesylate
P17,100,Targetmol_Osimertinib mesylate
P17,1000,Targetmol_Osimertinib mesylate
A13,10,Targetmol_Oxaliplatin
A13,100,Targetmol_Oxaliplatin
A13,1000,Targetmol_Oxaliplatin
A13,10000,Targetmol_Oxaliplatin
A03,5,Targetmol_PAC-5nM
B03,5,Targetmol_PAC-5nM
C03,5,Targetmol_PAC-5nM
D03,5,Targetmol_PAC-5nM
E03,5,Targetmol_PAC-5nM
F03,5,Targetmol_PAC-5nM
G03,5,Targetmol_PAC-5nM
H03,5,Targetmol_PAC-5nM
M15,10,Targetmol_Paclitaxel
M15,100,Targetmol_Paclitaxel
M15,1000,Targetmol_Paclitaxel
M15,10000,Targetmol_Paclitaxel
I09,10,Targetmol_Pacritinib
I09,100,Targetmol_Pacritinib
I09,1000,Targetmol_Pacritinib
I09,10000,Targetmol_Pacritinib
L12,10,Targetmol_Palbociclib
L12,100,Targetmol_Palbociclib
L12,1000,Targetmol_Palbociclib
L12,10000,Targetmol_Palbociclib
L15,10,Targetmol_Palbociclib hydrochloride
L15,100,Targetmol_Palbociclib hydrochloride
L15,1000,Targetmol_Palbociclib hydrochloride
L15,10000,Targetmol_Palbociclib hydrochloride
L16,10,Targetmol_Palbociclib Isethionate
L16,100,Targetmol_Palbociclib Isethionate
L16,1000,Targetmol_Palbociclib Isethionate
L16,10000,Targetmol_Palbociclib Isethionate
D11,10,Targetmol_Pamidronate disodium salt
D11,100,Targetmol_Pamidronate disodium salt
D11,1000,Targetmol_Pamidronate disodium salt
D11,10000,Targetmol_Pamidronate disodium salt
N08,10,Targetmol_Panobinostat
N08,100,Targetmol_Panobinostat
N08,1000,Targetmol_Panobinostat
N08,10000,Targetmol_Panobinostat
H10,10,Targetmol_Pazopanib
H10,100,Targetmol_Pazopanib
H10,1000,Targetmol_Pazopanib
H10,10000,Targetmol_Pazopanib
B05,10,Targetmol_Pemetrexed acid
B05,100,Targetmol_Pemetrexed acid
B05,1000,Targetmol_Pemetrexed acid
B05,10000,Targetmol_Pemetrexed acid
H05,10,Targetmol_Pemetrexed disodium
H05,100,Targetmol_Pemetrexed disodium
H05,1000,Targetmol_Pemetrexed disodium
H05,10000,Targetmol_Pemetrexed disodium
A17,10,Targetmol_Pemetrexed Disodium Hydrate
A17,100,Targetmol_Pemetrexed Disodium Hydrate
A17,1000,Targetmol_Pemetrexed Disodium Hydrate
A17,10000,Targetmol_Pemetrexed Disodium Hydrate
E20,10,Targetmol_Pentamidine isethionate
E20,100,Targetmol_Pentamidine isethionate
E20,1000,Targetmol_Pentamidine isethionate
E20,10000,Targetmol_Pentamidine isethionate
H06,10,Targetmol_Pentostatin
H06,100,Targetmol_Pentostatin
H06,1000,Targetmol_Pentostatin
H06,10000,Targetmol_Pentostatin
E21,10,Targetmol_Pexidartinib
E21,100,Targetmol_Pexidartinib
E21,1000,Targetmol_Pexidartinib
E21,10000,Targetmol_Pexidartinib
L13,10,Targetmol_Phenoxybenzamine hydrochloride
L13,100,Targetmol_Phenoxybenzamine hydrochloride
L13,1000,Targetmol_Phenoxybenzamine hydrochloride
L13,10000,Targetmol_Phenoxybenzamine hydrochloride
G07,10,Targetmol_Piceatannol
G07,100,Targetmol_Piceatannol
G07,1000,Targetmol_Piceatannol
G07,10000,Targetmol_Piceatannol
I23,10,Targetmol_Pipobroman
I23,100,Targetmol_Pipobroman
I23,1000,Targetmol_Pipobroman
I23,10000,Targetmol_Pipobroman
P06,10,Targetmol_Pirarubicin
P06,100,Targetmol_Pirarubicin
P06,1000,Targetmol_Pirarubicin
P06,10000,Targetmol_Pirarubicin
E15,10,Targetmol_Pirfenidone
E15,100,Targetmol_Pirfenidone
E15,1000,Targetmol_Pirfenidone
E15,10000,Targetmol_Pirfenidone
K15,10,Targetmol_Pixantrone dimaleate
K15,100,Targetmol_Pixantrone dimaleate
K15,1000,Targetmol_Pixantrone dimaleate
K15,10000,Targetmol_Pixantrone dimaleate
F20,10,Targetmol_Plerixafor
F20,100,Targetmol_Plerixafor
F20,1000,Targetmol_Plerixafor
F20,10000,Targetmol_Plerixafor
G11,10,Targetmol_Pomalidomide
G11,100,Targetmol_Pomalidomide
G11,1000,Targetmol_Pomalidomide
G11,10000,Targetmol_Pomalidomide
M20,10,Targetmol_Ponatinib
M20,100,Targetmol_Ponatinib
M20,1000,Targetmol_Ponatinib
N18,10,Targetmol_Pracinostat
N18,100,Targetmol_Pracinostat
N18,1000,Targetmol_Pracinostat
N18,10000,Targetmol_Pracinostat
M04,10,Targetmol_Propranolol hydrochloride
M04,100,Targetmol_Propranolol hydrochloride
M04,1000,Targetmol_Propranolol hydrochloride
M04,10000,Targetmol_Propranolol hydrochloride
H24,10,Targetmol_Pyrvinium pamoate
H24,100,Targetmol_Pyrvinium pamoate
H24,1000,Targetmol_Pyrvinium pamoate
H24,10000,Targetmol_Pyrvinium pamoate
A08,10,Targetmol_Quinestrol
A08,100,Targetmol_Quinestrol
A08,1000,Targetmol_Quinestrol
A08,10000,Targetmol_Quinestrol
A14,10,Targetmol_Radotinib
A14,100,Targetmol_Radotinib
A14,1000,Targetmol_Radotinib
A14,10000,Targetmol_Radotinib
M19,10,Targetmol_Raloxifene hydrochloride
M19,100,Targetmol_Raloxifene hydrochloride
M19,1000,Targetmol_Raloxifene hydrochloride
M19,10000,Targetmol_Raloxifene hydrochloride
A20,10,Targetmol_Raltitrexed
A20,100,Targetmol_Raltitrexed
A20,1000,Targetmol_Raltitrexed
A20,10000,Targetmol_Raltitrexed
B11,10,Targetmol_Rapamycin
B11,100,Targetmol_Rapamycin
B11,1000,Targetmol_Rapamycin
B11,10000,Targetmol_Rapamycin
C09,10,Targetmol_Rebamipide
C09,100,Targetmol_Rebamipide
C09,1000,Targetmol_Rebamipide
C09,10000,Targetmol_Rebamipide
D17,10,Targetmol_Regorafenib
D17,100,Targetmol_Regorafenib
D17,1000,Targetmol_Regorafenib
D17,10000,Targetmol_Regorafenib
G19,10,Targetmol_Relugolix
G19,100,Targetmol_Relugolix
G19,1000,Targetmol_Relugolix
G19,10000,Targetmol_Relugolix
O09,10,Targetmol_Resveratrol
O09,100,Targetmol_Resveratrol
O09,1000,Targetmol_Resveratrol
O09,10000,Targetmol_Resveratrol
F22,10,Targetmol_Retinol
F22,100,Targetmol_Retinol
F22,1000,Targetmol_Retinol
F22,10000,Targetmol_Retinol
E11,10,Targetmol_Ribociclib
E11,100,Targetmol_Ribociclib
E11,1000,Targetmol_Ribociclib
E11,10000,Targetmol_Ribociclib
M05,10,Targetmol_Rifampicin
M05,100,Targetmol_Rifampicin
M05,1000,Targetmol_Rifampicin
M05,10000,Targetmol_Rifampicin
G10,10,Targetmol_Rociletinib
G10,100,Targetmol_Rociletinib
G10,1000,Targetmol_Rociletinib
G10,10000,Targetmol_Rociletinib
G06,10,Targetmol_Rofecoxib
G06,100,Targetmol_Rofecoxib
G06,1000,Targetmol_Rofecoxib
G06,10000,Targetmol_Rofecoxib
E18,10,Targetmol_Roflumilast
E18,100,Targetmol_Roflumilast
E18,1000,Targetmol_Roflumilast
E18,10000,Targetmol_Roflumilast
H14,10,Targetmol_Romidepsin
H14,100,Targetmol_Romidepsin
H14,1000,Targetmol_Romidepsin
H14,10000,Targetmol_Romidepsin
H04,10,Targetmol_Rosiglitazone maleate
H04,100,Targetmol_Rosiglitazone maleate
H04,1000,Targetmol_Rosiglitazone maleate
H04,10000,Targetmol_Rosiglitazone maleate
H08,10,Targetmol_Rucaparib Phosphate
H08,100,Targetmol_Rucaparib Phosphate
H08,1000,Targetmol_Rucaparib Phosphate
H08,10000,Targetmol_Rucaparib Phosphate
E08,10,Targetmol_Rutin
E08,100,Targetmol_Rutin
E08,1000,Targetmol_Rutin
E08,10000,Targetmol_Rutin
M16,10,Targetmol_Ruxolitinib
M16,100,Targetmol_Ruxolitinib
M16,1000,Targetmol_Ruxolitinib
M16,10000,Targetmol_Ruxolitinib
G14,10,Targetmol_Selinexor
G14,100,Targetmol_Selinexor
G14,1000,Targetmol_Selinexor
G14,10000,Targetmol_Selinexor
F19,10,Targetmol_Selumetinib
F19,100,Targetmol_Selumetinib
F19,1000,Targetmol_Selumetinib
F19,10000,Targetmol_Selumetinib
G08,10,Targetmol_Silibinin
G08,100,Targetmol_Silibinin
G08,1000,Targetmol_Silibinin
G08,10000,Targetmol_Silibinin
N19,10,Targetmol_S-Isocorydine(+)
N19,100,Targetmol_S-Isocorydine(+)
N19,1000,Targetmol_S-Isocorydine(+)
N19,10000,Targetmol_S-Isocorydine(+)
H20,10,Targetmol_Sivelestat
H20,100,Targetmol_Sivelestat
H20,1000,Targetmol_Sivelestat
H20,10000,Targetmol_Sivelestat
M23,10,Targetmol_Sodium Demethylcantharidate
M23,100,Targetmol_Sodium Demethylcantharidate
M23,1000,Targetmol_Sodium Demethylcantharidate
M23,10000,Targetmol_Sodium Demethylcantharidate
D13,10,Targetmol_Sodium etidronate
D13,100,Targetmol_Sodium etidronate
D13,1000,Targetmol_Sodium etidronate
D13,10000,Targetmol_Sodium etidronate
F08,10,Targetmol_Sodium Phenylbutyrate
F08,100,Targetmol_Sodium Phenylbutyrate
F08,1000,Targetmol_Sodium Phenylbutyrate
F08,10000,Targetmol_Sodium Phenylbutyrate
B18,10,Targetmol_Sorafenib
B18,100,Targetmol_Sorafenib
B18,1000,Targetmol_Sorafenib
B18,10000,Targetmol_Sorafenib
G05,10,Targetmol_Sorafenib tosylate
G05,100,Targetmol_Sorafenib tosylate
G05,1000,Targetmol_Sorafenib tosylate
G05,10000,Targetmol_Sorafenib tosylate
I03,100,Targetmol_Stauro-100nM
J03,100,Targetmol_Stauro-100nM
K03,100,Targetmol_Stauro-100nM
L03,100,Targetmol_Stauro-100nM
M03,100,Targetmol_Stauro-100nM
N03,100,Targetmol_Stauro-100nM
O03,100,Targetmol_Stauro-100nM
P03,100,Targetmol_Stauro-100nM
D15,10,Targetmol_Streptozocin
D15,100,Targetmol_Streptozocin
D15,1000,Targetmol_Streptozocin
D15,10000,Targetmol_Streptozocin
A07,10,Targetmol_Sulindac
A07,100,Targetmol_Sulindac
A07,1000,Targetmol_Sulindac
A07,10000,Targetmol_Sulindac
I06,10,Targetmol_Sunitinib Malate
I06,100,Targetmol_Sunitinib Malate
I06,1000,Targetmol_Sunitinib Malate
I06,10000,Targetmol_Sunitinib Malate
O21,10,Targetmol_Talazoparib
O21,100,Targetmol_Talazoparib
O21,1000,Targetmol_Talazoparib
O21,10000,Targetmol_Talazoparib
F17,10,Targetmol_Tamibarotene
F17,100,Targetmol_Tamibarotene
F17,1000,Targetmol_Tamibarotene
F17,10000,Targetmol_Tamibarotene
A12,10,Targetmol_Tamoxifen Z-isomer citrate
A12,100,Targetmol_Tamoxifen Z-isomer citrate
A12,1000,Targetmol_Tamoxifen Z-isomer citrate
A12,10000,Targetmol_Tamoxifen Z-isomer citrate
F12,10,Targetmol_Tanshinone I
F12,100,Targetmol_Tanshinone I
F12,1000,Targetmol_Tanshinone I
F12,10000,Targetmol_Tanshinone I
J19,10,Targetmol_Tazarotene
J19,100,Targetmol_Tazarotene
J19,1000,Targetmol_Tazarotene
J19,10000,Targetmol_Tazarotene
A06,10,Targetmol_Tegafur
A06,100,Targetmol_Tegafur
A06,1000,Targetmol_Tegafur
A06,10000,Targetmol_Tegafur
H07,10,Targetmol_Telotristat Etiprate
H07,100,Targetmol_Telotristat Etiprate
H07,1000,Targetmol_Telotristat Etiprate
H07,10000,Targetmol_Telotristat Etiprate
L18,10,Targetmol_Temozolomide
L18,100,Targetmol_Temozolomide
L18,1000,Targetmol_Temozolomide
L18,10000,Targetmol_Temozolomide
N06,10,Targetmol_Teniposide
N06,100,Targetmol_Teniposide
N06,1000,Targetmol_Teniposide
N06,10000,Targetmol_Teniposide
I21,10,Targetmol_Tetrandrine
I21,100,Targetmol_Tetrandrine
I21,1000,Targetmol_Tetrandrine
I21,10000,Targetmol_Tetrandrine
O13,10,Targetmol_Thalidomide
O13,100,Targetmol_Thalidomide
O13,1000,Targetmol_Thalidomide
O13,10000,Targetmol_Thalidomide
K14,10,Targetmol_Thioguanine
K14,100,Targetmol_Thioguanine
K14,1000,Targetmol_Thioguanine
K14,10000,Targetmol_Thioguanine
B14,10,Targetmol_Thymopentin
B14,100,Targetmol_Thymopentin
B14,1000,Targetmol_Thymopentin
B14,10000,Targetmol_Thymopentin
K04,10,Targetmol_Tilorone dihydrochloride
K04,100,Targetmol_Tilorone dihydrochloride
K04,1000,Targetmol_Tilorone dihydrochloride
K04,10000,Targetmol_Tilorone dihydrochloride
N09,10,Targetmol_Tipiracil hydrochloride
N09,100,Targetmol_Tipiracil hydrochloride
N09,1000,Targetmol_Tipiracil hydrochloride
N09,10000,Targetmol_Tipiracil hydrochloride
C18,10,Targetmol_Tivozanib
C18,100,Targetmol_Tivozanib
C18,1000,Targetmol_Tivozanib
C18,10000,Targetmol_Tivozanib
L19,10,Targetmol_Tolnaftate
L19,100,Targetmol_Tolnaftate
L19,1000,Targetmol_Tolnaftate
L19,10000,Targetmol_Tolnaftate
E24,10,Targetmol_Topotecan
E24,100,Targetmol_Topotecan
E24,1000,Targetmol_Topotecan
E24,10000,Targetmol_Topotecan
L05,10,Targetmol_Topotecan hydrochloride
L05,100,Targetmol_Topotecan hydrochloride
L05,1000,Targetmol_Topotecan hydrochloride
L05,10000,Targetmol_Topotecan hydrochloride
C14,10,Targetmol_Toremifene
C14,100,Targetmol_Toremifene
C14,1000,Targetmol_Toremifene
C14,10000,Targetmol_Toremifene
J12,10,Targetmol_Toremifene citrate
J12,100,Targetmol_Toremifene citrate
J12,1000,Targetmol_Toremifene citrate
J12,10000,Targetmol_Toremifene citrate
F16,10,Targetmol_Torezolid
F16,100,Targetmol_Torezolid
F16,1000,Targetmol_Torezolid
F16,10000,Targetmol_Torezolid
P22,10,Targetmol_Tosedostat
P22,100,Targetmol_Tosedostat
P22,1000,Targetmol_Tosedostat
P22,10000,Targetmol_Tosedostat
C04,10,Targetmol_Tozasertib
C04,100,Targetmol_Tozasertib
C04,1000,Targetmol_Tozasertib
C04,10000,Targetmol_Tozasertib
O18,10,Targetmol_Trametinib
O18,100,Targetmol_Trametinib
O18,1000,Targetmol_Trametinib
O18,10000,Targetmol_Trametinib
C07,10,Targetmol_Tranylcypromine (2-PCPA) hydrochloride
C07,100,Targetmol_Tranylcypromine (2-PCPA) hydrochloride
C07,1000,Targetmol_Tranylcypromine (2-PCPA) hydrochloride
C07,10000,Targetmol_Tranylcypromine (2-PCPA) hydrochloride
K07,10,Targetmol_Tretinoin
K07,100,Targetmol_Tretinoin
K07,1000,Targetmol_Tretinoin
K07,10000,Targetmol_Tretinoin
A09,10,Targetmol_Triethylenethiophosphoramide
A09,100,Targetmol_Triethylenethiophosphoramide
A09,1000,Targetmol_Triethylenethiophosphoramide
A09,10000,Targetmol_Triethylenethiophosphoramide
E12,10,Targetmol_Trifluridine
E12,100,Targetmol_Trifluridine
E12,1000,Targetmol_Trifluridine
E12,10000,Targetmol_Trifluridine
N05,10,Targetmol_Trilostane
N05,100,Targetmol_Trilostane
N05,1000,Targetmol_Trilostane
N05,10000,Targetmol_Trilostane
A22,10,Targetmol_Troglitazone
A22,100,Targetmol_Troglitazone
A22,1000,Targetmol_Troglitazone
A22,10000,Targetmol_Troglitazone
F14,10,Targetmol_Ubenimex
F14,100,Targetmol_Ubenimex
F14,1000,Targetmol_Ubenimex
F14,10000,Targetmol_Ubenimex
P09,10,Targetmol_Ulipristal acetate
P09,100,Targetmol_Ulipristal acetate
P09,1000,Targetmol_Ulipristal acetate
P09,10000,Targetmol_Ulipristal acetate
E09,10,Targetmol_Uracil
E09,100,Targetmol_Uracil
E09,1000,Targetmol_Uracil
E09,10000,Targetmol_Uracil
J11,10,Targetmol_Urethane
J11,100,Targetmol_Urethane
J11,1000,Targetmol_Urethane
J11,10000,Targetmol_Urethane
D09,10,Targetmol_Vandetanib
D09,100,Targetmol_Vandetanib
D09,1000,Targetmol_Vandetanib
D09,10000,Targetmol_Vandetanib
O07,10,Targetmol_Vemurafenib
O07,100,Targetmol_Vemurafenib
O07,1000,Targetmol_Vemurafenib
O07,10000,Targetmol_Vemurafenib
G21,10,Targetmol_Vesnarinone
G21,100,Targetmol_Vesnarinone
G21,1000,Targetmol_Vesnarinone
G21,10000,Targetmol_Vesnarinone
N14,10,Targetmol_Vidarabine
N14,100,Targetmol_Vidarabine
N14,1000,Targetmol_Vidarabine
N14,10000,Targetmol_Vidarabine
P11,10,Targetmol_Vinblastine sulfate
P11,100,Targetmol_Vinblastine sulfate
P11,1000,Targetmol_Vinblastine sulfate
P11,10000,Targetmol_Vinblastine sulfate
B20,10,Targetmol_Vinorelbine Tartrate
B20,100,Targetmol_Vinorelbine Tartrate
B20,1000,Targetmol_Vinorelbine Tartrate
B20,10000,Targetmol_Vinorelbine Tartrate
F05,10,Targetmol_Vismodegib
F05,100,Targetmol_Vismodegib
F05,1000,Targetmol_Vismodegib
F05,10000,Targetmol_Vismodegib
D12,10,Targetmol_Vitamin D2
D12,100,Targetmol_Vitamin D2
D12,1000,Targetmol_Vitamin D2
D12,10000,Targetmol_Vitamin D2
F18,10,Targetmol_Volasertib
F18,100,Targetmol_Volasertib
F18,1000,Targetmol_Volasertib
F18,10000,Targetmol_Volasertib
K13,10,Targetmol_Vorinostat
K13,100,Targetmol_Vorinostat
K13,1000,Targetmol_Vorinostat
K13,10000,Targetmol_Vorinostat
J24,10,Targetmol_zanubrutinib
J24,100,Targetmol_zanubrutinib
J24,1000,Targetmol_zanubrutinib
J24,10000,Targetmol_zanubrutinib
F24,10,Targetmol_Zosuquidar 3HCl
F24,100,Targetmol_Zosuquidar 3HCl
F24,1000,Targetmol_Zosuquidar 3HCl
F24,10000,Targetmol_Zosuquidar 3HCl
